{"cameraMode":{"drawMode":0,"name":"Shaded","section":"Shading Mode"},"sceneLighting":true,"audioPlay":false,"sceneViewState":{"m_AlwaysRefresh":false,"showFog":true,"showSkybox":true,"showFlares":true,"showImageEffects":true,"showParticleSystems":true,"showVisualEffectGraphs":true,"m_FxEnabled":true},"in2DMode":false,"pivot":{"x":219.48147583007813,"y":0.8701333999633789,"z":204.92306518554688},"rotation":{"x":0.207415372133255,"y":0.15943488478660584,"z":-0.03428424522280693,"w":0.9645664095878601},"size":15.752388954162598,"orthographic":false}