{"cameraMode":{"drawMode":0,"name":"Shaded","section":"Shading Mode"},"sceneLighting":true,"audioPlay":false,"sceneViewState":{"m_AlwaysRefresh":false,"showFog":true,"showSkybox":true,"showFlares":true,"showImageEffects":true,"showParticleSystems":true,"showVisualEffectGraphs":true,"m_FxEnabled":true},"in2DMode":false,"pivot":{"x":-29.782245635986329,"y":4.073754787445068,"z":3.295071601867676},"rotation":{"x":0.0030515948310494425,"y":-0.9873735904693604,"z":-0.019258707761764528,"w":-0.15741170942783357},"size":1.3662753105163575,"orthographic":false}