{"cameraMode":{"drawMode":0,"name":"Shaded","section":"Shading Mode"},"sceneLighting":true,"audioPlay":false,"sceneViewState":{"m_AlwaysRefresh":false,"showFog":true,"showSkybox":true,"showFlares":true,"showImageEffects":true,"showParticleSystems":true,"showVisualEffectGraphs":true,"m_FxEnabled":true},"in2DMode":false,"pivot":{"x":547.1881103515625,"y":6.179224014282227,"z":401.09014892578127},"rotation":{"x":0.021744679659605027,"y":-0.8565062284469605,"z":0.036280419677495959,"w":0.5144038200378418},"size":69.15982055664063,"orthographic":false}