{"cameraMode":{"drawMode":0,"name":"Shaded","section":"Shading Mode"},"sceneLighting":true,"audioPlay":false,"sceneViewState":{"m_AlwaysRefresh":false,"showFog":true,"showSkybox":true,"showFlares":true,"showImageEffects":true,"showParticleSystems":true,"showVisualEffectGraphs":true,"m_FxEnabled":true},"in2DMode":false,"pivot":{"x":345.85302734375,"y":112.69697570800781,"z":828.5431518554688},"rotation":{"x":0.0059972056187689308,"y":0.8048335909843445,"z":0.006375429220497608,"w":-0.5938728451728821},"size":59.652183532714847,"orthographic":false}