{"cameraMode":{"drawMode":0,"name":"Shaded","section":"Shading Mode"},"sceneLighting":true,"audioPlay":false,"sceneViewState":{"m_AlwaysRefresh":false,"showFog":true,"showSkybox":true,"showFlares":true,"showImageEffects":true,"showParticleSystems":true,"showVisualEffectGraphs":true,"m_FxEnabled":true},"in2DMode":false,"pivot":{"x":660.8447875976563,"y":4.958532333374023,"z":441.42291259765627},"rotation":{"x":0.03270576149225235,"y":-0.9525684714317322,"z":0.11082521826028824,"w":0.28151318430900576},"size":43.66553497314453,"orthographic":false}